-- phpMyAdmin SQL Dump
-- version 4.6.6deb5ubuntu0.5
-- https://www.phpmyadmin.net/
--
-- Client :  localhost:3306
-- Généré le :  Jeu 03 Décembre 2020 à 10:41
-- Version du serveur :  5.7.32-0ubuntu0.18.04.1
-- Version de PHP :  7.2.24-0ubuntu0.18.04.7

SET SQL_MODE = "NO_AUTO_VALUE_ON_ZERO";
SET time_zone = "+00:00";


/*!40101 SET @OLD_CHARACTER_SET_CLIENT=@@CHARACTER_SET_CLIENT */;
/*!40101 SET @OLD_CHARACTER_SET_RESULTS=@@CHARACTER_SET_RESULTS */;
/*!40101 SET @OLD_COLLATION_CONNECTION=@@COLLATION_CONNECTION */;
/*!40101 SET NAMES utf8mb4 */;

--
-- Base de données :  `MESOCOSM`
--

-- --------------------------------------------------------

--
-- Structure de la table `affiliation`
--

CREATE TABLE `affiliation` (
  `Affiliation_ID` int(255) NOT NULL,
  `Department` varchar(250) DEFAULT NULL,
  `Institution` varchar(250) DEFAULT NULL,
  `City` varchar(250) DEFAULT NULL,
  `State` varchar(250) DEFAULT NULL,
  `Zipcode` varchar(250) DEFAULT NULL,
  `Country` varchar(250) DEFAULT NULL
) ENGINE=InnoDB DEFAULT CHARSET=utf8;

--
-- Contenu de la table `affiliation`
--

INSERT INTO `affiliation` (`Affiliation_ID`, `Department`, `Institution`, `City`, `State`, `Zipcode`, `Country`) VALUES
(1, 'Environnement Durable', 'Centre de Recherche et d’Enseignement de Géosciences de l’Environnement ', NULL, 'Aix-en-Provence', '13545', 'France'),
(2, 'CNRS, IRD, IMBE UMR 7263', 'Aix Marseille Université, Avignon Université', NULL, 'Marseille', 'FR-13284', 'France'),
(3, 'Commissariat à l\'Energie Atomique et aux Energies Alternatives (CEA)', 'Université Grenoble Alpes', NULL, 'Grenoble', '38054', 'France'),
(4, 'Laboratoire Mer, Molécules, Santé (MMS, EA 2160)', 'Université Catholique de l\'Ouest', NULL, 'Angers', 'F-49000', 'France'),
(5, 'Civil and Environmental Engineering', 'Duke University', NULL, 'Durham', '27708', 'USA');

-- --------------------------------------------------------

--
-- Structure de la table `author`
--

CREATE TABLE `author` (
  `Author_ID` int(255) NOT NULL,
  `First_Name` varchar(250) DEFAULT NULL,
  `Last_Name` varchar(250) DEFAULT NULL,
  `Middle_Name` varchar(250) DEFAULT NULL,
  `Email` varchar(250) DEFAULT NULL,
  `Phone` varchar(250) DEFAULT NULL,
  `Web` varchar(250) DEFAULT NULL
) ENGINE=InnoDB DEFAULT CHARSET=utf8;

--
-- Contenu de la table `author`
--

INSERT INTO `author` (`Author_ID`, `First_Name`, `Last_Name`, `Middle_Name`, `Email`, `Phone`, `Web`) VALUES
(1, 'Mélanie', 'Auffan', NULL, 'auffan@cerege.fr', '+33-(0)4-42-97-15-43', 'https://www.cerege.fr/fr/users/melanie-auffan'),
(2, 'Jerome ', 'Rose', NULL, ' rose_AT_cerege.fr', '+33-(0)4-42-97-15-29', 'https://www.cerege.fr/fr/users/jerome-rose'),
(3, 'Danielle  ', 'Slomberg', NULL, 'slomberg_AT_cerege.fr', '+33-(0)4-42-97-16-84', 'https://www.cerege.fr/fr/users/danielle-slomberg'),
(4, 'Armand  ', 'Masion', NULL, 'masion_AT_cerege.fr', ' +33-(0)4-42-97-15-34', 'https://www.cerege.fr/fr/users/armand-masion'),
(5, 'Amélie ', 'Châtel', NULL, 'amelie.chatel@uco.fr', '', 'https://recherche.uco.fr/chercheur/95/amelie-chatel'),
(6, 'Ali', 'Ayadi', NULL, 'ayadi@cerege.fr', NULL, 'https://www.cerege.fr/fr/users/ali-ayadi');

-- --------------------------------------------------------

--
-- Structure de la table `bibliography`
--

CREATE TABLE `bibliography` (
  `Bibliography_ID` int(250) NOT NULL,
  `People_ID` int(250) NOT NULL,
  `Institution_ID` int(250) NOT NULL,
  `DOI` varchar(350) NOT NULL
) ENGINE=InnoDB DEFAULT CHARSET=utf8;

-- --------------------------------------------------------

--
-- Structure de la table `description`
--

CREATE TABLE `description` (
  `Description_ID` int(255) NOT NULL,
  `Table_descrip` varchar(250) DEFAULT NULL,
  `Field` varchar(250) DEFAULT NULL,
  `Note` varchar(250) DEFAULT NULL,
  `Data_type` varchar(250) DEFAULT NULL,
  `Valid_value` varchar(250) DEFAULT NULL
) ENGINE=InnoDB DEFAULT CHARSET=utf8;

-- --------------------------------------------------------

--
-- Structure de la table `dictionary`
--

CREATE TABLE `dictionary` (
  `Dictionary_ID` int(255) NOT NULL,
  `Group` varchar(250) DEFAULT NULL,
  `Item` varchar(250) DEFAULT NULL,
  `Parameter` varchar(350) DEFAULT NULL
) ENGINE=InnoDB DEFAULT CHARSET=utf8;

-- --------------------------------------------------------

--
-- Structure de la table `experiment`
--

CREATE TABLE `experiment` (
  `IDE` int(200) NOT NULL,
  `doi` varchar(255) DEFAULT NULL,
  `Total_time` int(150) NOT NULL,
  `Ecosystem` varchar(20) NOT NULL,
  `Primary_consumer` varchar(20) NOT NULL,
  `Secondary_consumer` varchar(20) DEFAULT NULL,
  `Benthic_inocolum` varchar(20) DEFAULT NULL,
  `Planctonic_inocolum` varchar(20) DEFAULT NULL
) ENGINE=InnoDB DEFAULT CHARSET=utf8;

--
-- Contenu de la table `experiment`
--

INSERT INTO `experiment` (`IDE`, `doi`, `Total_time`, `Ecosystem`, `Primary_consumer`, `Secondary_consumer`, `Benthic_inocolum`, `Planctonic_inocolum`) VALUES
(1, NULL, 28, 'River', 'G. fossarum', NULL, 'Sediment', NULL),
(2, 'doi.org/10.1021/es501641b', 28, 'Pond', 'P. corneus', NULL, 'Sediment', NULL),
(3, '10.1039/c5en00092k', 28, 'Pond', 'P. corneus', NULL, 'Sediment', ''),
(4, '10.1039/C8EN00712H', 28, 'Pond', 'P. corneus', NULL, 'Sediment', 'Water');

-- --------------------------------------------------------

--
-- Structure de la table `instrument`
--

CREATE TABLE `instrument` (
  `Instrument_ID` int(255) NOT NULL,
  `Name` varchar(250) DEFAULT NULL,
  `Model` varchar(250) DEFAULT NULL,
  `Manufacturer_Name` varchar(250) DEFAULT NULL,
  `Manufacturer_City` varchar(250) DEFAULT NULL,
  `Manufacturer_State` varchar(250) DEFAULT NULL,
  `Manufacturer_Country` varchar(250) DEFAULT NULL
) ENGINE=InnoDB DEFAULT CHARSET=utf8;

-- --------------------------------------------------------

--
-- Structure de la table `measure`
--

CREATE TABLE `measure` (
  `IDM` int(255) NOT NULL,
  `IDS` int(255) NOT NULL,
  `Total_dose` float NOT NULL,
  `PH` float DEFAULT NULL,
  `Temperature` float DEFAULT NULL,
  `Conductivity` float DEFAULT NULL,
  `Dissolved_oxygen` float DEFAULT NULL,
  `TOC` float DEFAULT NULL,
  `ORP_water` float DEFAULT NULL,
  `ORP_sediment` float DEFAULT NULL,
  `ORP_interface` float DEFAULT NULL,
  `Particles_water` float DEFAULT NULL,
  `Metal_sediment` float DEFAULT NULL,
  `Metal_water` float DEFAULT NULL,
  `Dissolved_Metal` float DEFAULT NULL,
  `Metal_layings` float DEFAULT NULL,
  `Metal_gland` float DEFAULT NULL,
  `Metal_adult` float DEFAULT NULL,
  `Metal_juveniles` float DEFAULT NULL,
  `CU_NI_sediment` float DEFAULT NULL,
  `Speciation_digestive` float DEFAULT NULL,
  `Speciation_layings` float DEFAULT NULL,
  `Speciation_juveniles` float DEFAULT NULL,
  `Adult` float DEFAULT NULL,
  `Juveniles` float DEFAULT NULL,
  `Picoplankton` float DEFAULT NULL,
  `Picobenthos` float DEFAULT NULL,
  `Algae_water` float DEFAULT NULL,
  `Algae_sediment` float DEFAULT NULL,
  `TBARS` float DEFAULT NULL,
  `TAOC` float DEFAULT NULL
) ENGINE=InnoDB DEFAULT CHARSET=utf8;

--
-- Contenu de la table `measure`
--

INSERT INTO `measure` (`IDM`, `IDS`, `Total_dose`, `PH`, `Temperature`, `Conductivity`, `Dissolved_oxygen`, `TOC`, `ORP_water`, `ORP_sediment`, `ORP_interface`, `Particles_water`, `Metal_sediment`, `Metal_water`, `Dissolved_Metal`, `Metal_layings`, `Metal_gland`, `Metal_adult`, `Metal_juveniles`, `CU_NI_sediment`, `Speciation_digestive`, `Speciation_layings`, `Speciation_juveniles`, `Adult`, `Juveniles`, `Picoplankton`, `Picobenthos`, `Algae_water`, `Algae_sediment`, `TBARS`, `TAOC`) VALUES
(1, 1, 0, 8.1, 15.7, 278.56, 10.7, NULL, 287.7, -289, NULL, NULL, 0.359982, 0.000000000370817, 0, NULL, NULL, 0.723393, NULL, NULL, NULL, NULL, NULL, 100, 0, 311750, 34510000, 2250000, NULL, NULL, NULL),
(2, 2, 0, 7.87, 15.7, 260, 10, NULL, 283.6, -156, NULL, NULL, 1.20654, 0.000000000376997, 0, NULL, NULL, 0.926204, NULL, NULL, NULL, NULL, NULL, 100, 0, 186354, 49300000, 5250000, NULL, NULL, NULL),
(3, 3, 0, 8, 15.6, 273, 12.7, NULL, 284.3, NULL, NULL, NULL, 1.20654, 0.000000000376997, 0, NULL, NULL, 0.926204, NULL, NULL, NULL, NULL, NULL, 100, 0, 204624, 46980000, 4000000, NULL, NULL, NULL),
(4, 1, 0, 7.87, 15.8, 242.5, 10.4, NULL, 226.3, -283, NULL, NULL, NULL, 0.000000000305924, 0, NULL, NULL, 0.792016, NULL, NULL, NULL, NULL, NULL, 100, 0, 341040, 74530000, 4500000, NULL, NULL, NULL),
(7, 2, 0, 7.8, 16, 277.6, 10.57, NULL, 287.9, -103, NULL, NULL, NULL, 0.000000000376997, 0, NULL, NULL, 0.926204, NULL, NULL, NULL, NULL, NULL, 100, 0, 286578, 20880000, 1000000, NULL, NULL, NULL),
(8, 3, 0, 8, 16.25, 280.6, 9.2, NULL, 263.86, -342, NULL, NULL, 1.20654, 0.000000000376997, 0, NULL, NULL, 0.926204, NULL, NULL, NULL, NULL, NULL, 100, 0, 256360, 20880000, 5500000, NULL, NULL, NULL),
(11, 1, 0, 7.7, 16.24, 215, 10.44, NULL, 293.7, -144, NULL, NULL, 1.41065, 0.00000000045425, 0, NULL, NULL, 1.2632, NULL, NULL, NULL, NULL, NULL, 100, 0, 113680, 25810000, 750000, NULL, NULL, NULL),
(12, 2, 0, 8, 16.2, 252, 9, NULL, 299, -115, NULL, NULL, 1.20654, 0.000000000376997, 0, NULL, NULL, 0.926204, NULL, NULL, NULL, NULL, NULL, 100, 0, 90480, 5800000, 3750000, NULL, NULL, NULL),
(13, 3, 0, 7.8, 16, 281, 8.7, NULL, 323.23, -296, NULL, NULL, 1.20654, 0.000000000376997, 0, NULL, NULL, 0.926204, NULL, NULL, NULL, NULL, NULL, 100, 0, 149640, 45530000, 1250000, NULL, NULL, NULL),
(14, 4, 0, 8.1, 15.7, 272.7, 10.6, NULL, 287.7, -261, NULL, NULL, 0.0977212, 0.00000000021322, 0, NULL, NULL, 0.984845, NULL, NULL, NULL, NULL, NULL, NULL, NULL, 2403520, 89320000, 5000000, NULL, NULL, NULL),
(15, 5, 0.641935, 7.89, 15.78, 251.3, 10.3, NULL, 277.48, -162, NULL, NULL, 0.19776, 0.00000000536757, 0.000000000852878, NULL, NULL, 9.5157, NULL, NULL, NULL, NULL, NULL, NULL, NULL, 1672720, 64960000, 2750000, NULL, NULL, NULL),
(16, 6, 0.591336, 8, 15.6, 281.1, 12.86, NULL, 285.9, NULL, NULL, NULL, 1.10568, 9.21943, 0.00000000180773, NULL, NULL, 3.55884, NULL, NULL, NULL, NULL, NULL, NULL, NULL, 1429120, 48430000, 2250000, NULL, NULL, NULL),
(17, 4, 0, 7.9, 15.8, 255, 10.8, NULL, 223.7, -118, NULL, NULL, 2.13206, 0.000000000148327, 0, NULL, NULL, 0.41107, NULL, NULL, NULL, NULL, NULL, NULL, NULL, 1327040, 48140000, 1500000, NULL, NULL, NULL),
(18, 5, 0.641935, 7.8, 15.8, 279.13, 10.7, NULL, 286.7, -175, NULL, NULL, 0.147481, 0.00000000628534, 0.000000000852878, NULL, NULL, 12.9678, NULL, NULL, NULL, NULL, NULL, NULL, NULL, 1887900, 27550000, 750000, NULL, NULL, NULL),
(19, 6, 0.591336, 8, 16.24, 275.93, 9.5, NULL, 263, -288, NULL, NULL, 1.66627, 0.00000000868638, 0.000000000370817, NULL, NULL, 9.18917, NULL, NULL, NULL, NULL, NULL, NULL, NULL, 1071840, 33640000, 3000000, NULL, NULL, NULL),
(20, 4, 0, 7.75, 16.2, 255.4, 10.4, NULL, 295, -106, NULL, NULL, 1.96446, 0.000000000111245, 0, NULL, NULL, 1.55114, NULL, NULL, NULL, NULL, NULL, NULL, NULL, 49810400, 73950000, 6000000, NULL, NULL, NULL),
(21, 5, 0.641935, 8, 16.2, 252, 9, NULL, 299, -107, NULL, NULL, 0.283384, 0.00000000653564, 0.000000000852878, NULL, NULL, 13.9486, NULL, NULL, NULL, NULL, NULL, NULL, NULL, 1234240, 36830000, 1500000, NULL, NULL, NULL),
(22, 6, 0.591336, 7.8, 16, 266, 9, NULL, 325.5, -220, NULL, NULL, 1.63547, 0.00000000975248, 0.000000000871419, NULL, NULL, 9.46194, NULL, NULL, NULL, NULL, NULL, NULL, NULL, 2630880, 204160000, 1500000, NULL, NULL, NULL),
(23, 7, 0, 8.1, 15.2, 281.7, 9.6, NULL, 287.7, -283, NULL, NULL, 0.974569, 0.000000000157597, 0, NULL, NULL, 0.677399, NULL, NULL, NULL, NULL, NULL, NULL, NULL, 1179430, 100340000, 1000000, NULL, 1.565, 0.14879),
(24, 8, 1.17692, 8, 15.4, 269, 10, NULL, 269.7, -175, NULL, NULL, 0.167726, 0.0000000114397, 0.000000000398628, NULL, NULL, 13.3585, NULL, NULL, NULL, NULL, NULL, NULL, NULL, 430360, 71340000, 1250000, NULL, 1.915, 0.142712),
(25, 9, 1.10777, 8, 1522, 287.4, 12.25, NULL, 282.3, NULL, NULL, NULL, 2.42245, 0.0000000256142, 0.000000000203949, NULL, NULL, 16.6805, NULL, NULL, NULL, NULL, NULL, NULL, NULL, 26622000, 76850000, 1000000, NULL, 1.455, 0.147712),
(26, 7, 0, 7.9, 15.5, 260, 10.5, NULL, 218.98, -19, NULL, NULL, 3.11411, 0.000000000268842, 0, NULL, NULL, 0.960244, NULL, NULL, NULL, NULL, NULL, NULL, NULL, 485460, 63220000, 5250000, NULL, 1.65, 0.242441),
(27, 8, 1.17692, 7.8, 15.5, 292, 10, NULL, 278.8, -97, NULL, NULL, 0.193022, 0.0000000214517, 0.000000000472791, NULL, NULL, 4.9814, NULL, NULL, NULL, NULL, NULL, NULL, NULL, 792512, 81780000, 2250000, NULL, 2.31, 0.17584),
(28, 9, 1.10777, 8, 15.87, 284, 8.7, NULL, 260, -276, NULL, NULL, 3.15786, 0.0000000291925, 0.0000000000185408, NULL, NULL, 5.97014, NULL, NULL, NULL, NULL, NULL, NULL, NULL, 693680, 44370000, 1500000, NULL, 1.76, 0.178561),
(29, 7, 0, 8, 15.85, 281, 10.66, NULL, 289, -92, NULL, NULL, 3.15474, 0.000000000519143, 0, NULL, NULL, 1.25404, NULL, NULL, NULL, NULL, NULL, NULL, NULL, 542010, 85840000, 4500000, NULL, 2.2275, 0.178154),
(30, 8, 1.17692, 8.2, 15.8, 277, 9.6, NULL, 294.8, -370, NULL, NULL, 3.15379, 0.0000000285158, 0.000000000472791, NULL, NULL, 3.84622, NULL, NULL, NULL, NULL, NULL, NULL, NULL, 691650, 106140000, 500000, NULL, 2.76, 0.208216),
(31, 9, 1.10777, 7.8, 15.7, 263.75, 9.2, NULL, 324.7, -165, NULL, NULL, 4.37015, 0.00000000227125, 0.000000000482062, NULL, NULL, 14.6572, NULL, NULL, NULL, NULL, NULL, NULL, NULL, 2001000, 69310000, 3750000, NULL, 2.11, 0.202033),
(32, 10, 0, 8.1, 14.6, 297.36, 10.4, NULL, 277.6, -284, NULL, NULL, 0.273693, 0.000000000176138, 0, NULL, NULL, 0.672617, NULL, NULL, NULL, NULL, NULL, NULL, NULL, 37120, 96280000, 500000, NULL, 1.42, 0.102649),
(33, 11, 1.68968, 8, 14.6, 273, 10.4, NULL, 271, -164, NULL, NULL, 3.25194, 0.0000000163808, 0.0000000000927042, NULL, NULL, 13.5552, NULL, NULL, NULL, NULL, NULL, NULL, NULL, 31320, 156310000, 7750000, NULL, 1.63, 0.126962),
(34, 12, 1.553, 7.9, 14.8, 257.43, 11.57, NULL, 282.6, -82, NULL, NULL, 3.61582, 0.000000017688, 0.0000000000927042, NULL, NULL, 40.3694, NULL, NULL, NULL, NULL, NULL, NULL, NULL, 24360, 108460000, 2500000, NULL, 1.085, 0.137111),
(35, 10, 0, 8, 14.8, 257.43, 11.57, NULL, 214.4, 632, NULL, NULL, 2.05066, 0.000000000176138, 0, NULL, NULL, 1.06918, NULL, NULL, NULL, NULL, NULL, NULL, NULL, 20880, 115420000, 2750000, NULL, 1.795, 0.135551),
(36, 11, 1.68968, 7.9, 14.8, 296.8, 10.73, NULL, 282.6, -82, NULL, NULL, 2.73422, 0.000000034727, 0.000000000101975, NULL, NULL, 18.626, NULL, NULL, NULL, NULL, NULL, NULL, NULL, 46400, 113680000, 1000000, NULL, 1.94, 0.143601),
(37, 12, 1.553, 8.1, 15.1, 292.6, 9.2, NULL, 261.48, -249, NULL, NULL, 3.47122, 0.0000000109298, 0.000000000101975, NULL, NULL, 26.4933, NULL, NULL, NULL, NULL, NULL, NULL, NULL, 37120, 116000000, 3500000, NULL, 1.36, 0.158656),
(38, 10, 0, 8.2, 15, 281.5, 11.25, NULL, 286, -78, NULL, NULL, 0.347375, 0.00000000021322, 0, NULL, NULL, 1.65482, NULL, NULL, NULL, NULL, NULL, NULL, NULL, 50112, 191980000, 4250000, NULL, 1.89, 0.162802),
(39, 11, 1.68968, 8.4, 15, 276, 10.4, NULL, 291.6, -272, NULL, NULL, 9.48475, 0.0000000109298, 0.000000000101975, NULL, NULL, 7.9392, NULL, NULL, NULL, NULL, NULL, NULL, NULL, 37004, 188500000, 2000000, NULL, 2.47, 0.161529),
(40, 12, 1.553, 7.9, 14.8, 285, 9.6, 323.3, -119, NULL, NULL, NULL, 7.0283, 0.0000000128303, 0.000000000203949, NULL, NULL, 4.78146, NULL, NULL, NULL, NULL, NULL, NULL, NULL, 48720, 147030000, 3000000, NULL, 1.655, 0.175663),
(41, 13, 0, 8.3, 14.5, 302.1, 10.87, NULL, 289.4, -245, NULL, NULL, 0.0939459, 0.00000000022249, 0, NULL, NULL, 0.558711, 3.57311, NULL, NULL, NULL, NULL, 33, 227, 34800, 157760000, 1750000, NULL, 1.52478, 0.137809),
(42, 14, 2.05201, 8, 14.6, 275.15, 10.6, NULL, 271.65, -167, NULL, NULL, 10.1905, 0.0000000444424, 0.000000000250301, NULL, NULL, 3.08974, 17.0424, NULL, NULL, NULL, NULL, 39, 298, 39440, 68440000, 1000000, NULL, 1.92138, 0.131404),
(43, 15, 1.92443, 8.2, 14.38, 291.32, 13.97, NULL, 283.57, NULL, NULL, NULL, 4.51113, 0.0000000465375, 0.000000000287383, NULL, NULL, 1.13006, 55.5685, NULL, NULL, NULL, NULL, 39, 292, 46980, 114840000, 1000000, NULL, 1.625, 0.15842),
(44, 13, 0, 8.1, 14.6, 267.57, 12, NULL, 211.46, -80, NULL, NULL, 0.0991822, 0.000000000278113, 0, NULL, NULL, 0.727574, 7.24998, NULL, NULL, NULL, NULL, 43, 421, 42920, 82940000, 500000, NULL, 1.826, 0.169009),
(45, 14, 2.05201, 8, 14.72, 300.7, 11.5, NULL, 285.8, -80, NULL, NULL, 7.21157, 0.0000000679058, 0.000000000259572, NULL, NULL, 0.89184, 20.034, NULL, NULL, NULL, NULL, 44, 187, 35728, 147320000, 750000, NULL, 2.34671, 0.157003),
(46, 15, 1.92443, 8.1, 15, 295.1, 9.4, NULL, 261.8, -164, NULL, NULL, 3.37814, 0.0000000460276, 0.000000000333735, NULL, NULL, 2.61433, 76.9905, NULL, NULL, NULL, NULL, 39, 243, 43384, 168200000, 1500000, NULL, 1.62489, 0.168808),
(47, 13, 0, 8.1, 15, 281.32, 10.19, NULL, 287.8, -170, NULL, NULL, 0.176009, 0.000000000574766, 0, NULL, NULL, 0.592808, 4.67544, NULL, NULL, NULL, NULL, 40, 307, 74936, 260710000, 2750000, NULL, 2.05802, 0.190239),
(48, 14, 2.05201, 8.4, 14.8, 274.8, 10.4, NULL, 294.6, -251, NULL, NULL, 7.74342, 0.0000000705015, 0.000000000129786, NULL, NULL, 1.96171, 16.7121, NULL, NULL, NULL, NULL, 53, 249, 48488, 262160000, 2500000, NULL, 2.63145, 0.185695),
(49, 15, 1.92443, 8, 290.8, 9.8, NULL, 322.6, -102, NULL, NULL, NULL, 9.51649, 0.0000000537592, 0.000000000310559, NULL, NULL, 1.85561, 36.4366, NULL, NULL, NULL, NULL, 36, 262, 34162, 146740000, 1500000, NULL, 2.14008, 0.175346),
(50, 20, 0, 7.98, 15.37, 159.6, 11.26, NULL, 262.74, NULL, NULL, NULL, 842.258, 14.5924, NULL, NULL, NULL, 85.369, NULL, NULL, NULL, NULL, NULL, NULL, NULL, 207233, 6966150, NULL, NULL, NULL, NULL),
(51, 20, 0, 7.92, 15.42, 237.34, 10.69, NULL, 252.43, NULL, NULL, NULL, 842.258, 14.5924, NULL, NULL, NULL, 85.369, NULL, NULL, NULL, NULL, NULL, NULL, NULL, 334574, 4418530, NULL, NULL, NULL, NULL),
(52, 21, 0, 8.21, 15.04, 244.45, 13.56, NULL, 258.14, NULL, NULL, NULL, 842.258, 14.5924, NULL, NULL, NULL, 85.369, NULL, NULL, NULL, NULL, NULL, NULL, NULL, 291066, 6050600, NULL, NULL, NULL, NULL),
(53, 21, 0, 7.84, 14.68, 229.55, 11.2, NULL, 304.62, NULL, NULL, NULL, 842.258, 14.5924, NULL, NULL, NULL, 85.369, NULL, NULL, NULL, NULL, NULL, NULL, NULL, 173158, 11185600, NULL, NULL, NULL, NULL),
(54, 22, 0, 7.91, 15.47, 244.17, 11.11, NULL, 280.64, NULL, NULL, NULL, 842.258, 14.5924, NULL, NULL, NULL, 85.369, NULL, NULL, NULL, NULL, NULL, NULL, NULL, 354597, 15683800, NULL, NULL, NULL, NULL),
(55, 22, 0, 7.98, 15.6, 255.68, 9.73, NULL, 257.12, NULL, NULL, NULL, 842.258, 14.5924, NULL, NULL, NULL, NULL, NULL, NULL, NULL, NULL, NULL, NULL, NULL, 278646, 3781620, NULL, NULL, NULL, NULL),
(56, 20, 0, 7.81, 15.54, 206.73, 11.43, NULL, 279.12, NULL, NULL, NULL, 842.258, NULL, NULL, NULL, NULL, 85.369, 14.5924, NULL, NULL, NULL, NULL, NULL, NULL, 334574, 13215800, NULL, NULL, NULL, NULL),
(57, 21, 0, 7.78, 14.94, 238.89, 9.03, NULL, 279.32, NULL, NULL, NULL, 842.258, 14.5924, NULL, NULL, NULL, 85.369, NULL, NULL, NULL, NULL, NULL, NULL, NULL, 173994, 11862400, NULL, NULL, NULL, NULL),
(58, 21, 0, 7.62, 14.54, 249.54, 8.58, NULL, 288.67, NULL, NULL, NULL, 842.258, 14.5924, NULL, NULL, NULL, 85.369, NULL, NULL, NULL, NULL, NULL, NULL, NULL, 149752, 5453500, NULL, NULL, NULL, NULL),
(59, 23, 0, 8.05, 15.55, 262.92, 10.96, 261.38, NULL, NULL, NULL, NULL, 825.604, 16.8155, NULL, NULL, NULL, 33.7098, NULL, NULL, NULL, NULL, NULL, NULL, NULL, 1514800, 16440100, NULL, NULL, 0.0255839, 1.35945),
(60, 23, 0, 8.02, 15.72, 250.09, 10.56, 248.61, NULL, NULL, NULL, NULL, 945.535, 13.3105, NULL, NULL, NULL, 99.7862, NULL, NULL, NULL, NULL, NULL, NULL, NULL, 3168600, 15524600, NULL, NULL, 0.0372911, 0.842927),
(61, 24, 0.3, 8.25, 15.28, 223.91, 13.08, NULL, 259.32, NULL, NULL, NULL, 821.943, 55.2527, NULL, NULL, NULL, 229.516, NULL, NULL, NULL, NULL, NULL, NULL, NULL, 194097, 12937100, NULL, NULL, 0.0464246, 1.35945),
(62, 24, 0.3, 7.87, 14.97, 237.74, 11.93, NULL, 308.18, NULL, NULL, NULL, 887.493, 19.7026, NULL, NULL, NULL, 416.886, NULL, NULL, NULL, NULL, NULL, NULL, NULL, 122883, 4299110, NULL, NULL, 0.0390063, 1.42827),
(69, 25, 0.3, 7.98, 15.61, 255.43, 11.13, NULL, 278.13, NULL, NULL, 13.7646, 1024.52, NULL, NULL, NULL, NULL, 310.992, NULL, NULL, NULL, NULL, NULL, NULL, NULL, 114125, 20102300, NULL, NULL, 0.0443878, 1.76129),
(70, 25, 0.3, 8.01, 15.91, 240.43, 9.82, NULL, 263.45, NULL, NULL, NULL, 781.459, 16.5856, NULL, NULL, NULL, 419.85, NULL, NULL, NULL, NULL, NULL, NULL, NULL, 114125, 20102300, NULL, NULL, 0.0443878, 1.76129),
(71, 23, 0, 7.87, 15.74, 253.6, 11.22, NULL, 278.08, NULL, NULL, NULL, 751.133, 14.1148, NULL, NULL, NULL, 13.4589, NULL, NULL, NULL, NULL, NULL, NULL, NULL, 159027, 7483630, NULL, NULL, 0.0238772, 1.6551),
(72, 24, 0.3, 8.06, 15.23, 248.92, 9.52, 271.27, NULL, NULL, NULL, NULL, 731.396, 24.7093, NULL, NULL, NULL, 129.857, NULL, NULL, NULL, NULL, NULL, NULL, NULL, 144657, 20221700, NULL, NULL, 0.0567583, 2.07137),
(73, 25, 0.3, 7.71, 14.74, 257.62, 9.21, NULL, 271.27, NULL, NULL, NULL, 1374.95, 18.7172, NULL, NULL, NULL, 288.573, NULL, NULL, NULL, NULL, NULL, NULL, NULL, 280875, 16161500, NULL, NULL, 0.060509, 2.48653),
(74, 26, 0, 8.07, 15.26, 273.88, 12.03, NULL, 262.59, NULL, NULL, NULL, 720.365, 14.7747, NULL, NULL, NULL, 10.0543, NULL, NULL, NULL, NULL, NULL, NULL, NULL, 1821230, 7443830, NULL, NULL, 0.0451105, 1.53569),
(75, 26, 0, 8, 15.21, 260.33, 11.48, NULL, 249.53, NULL, NULL, NULL, 757.5, 10.8652, NULL, NULL, NULL, 15.9388, NULL, NULL, NULL, NULL, NULL, NULL, NULL, 164321, 9712800, NULL, NULL, 0.0254946, 1.37037),
(76, 27, 0.6, 8.29, 14.63, 269.6, 14.26, NULL, 258.15, NULL, NULL, NULL, 1046.43, 15.2451, NULL, NULL, NULL, 152.176, NULL, NULL, NULL, NULL, NULL, NULL, NULL, 116355, 5095240, NULL, NULL, 0.0625145, 2.34843),
(77, 27, 0.6, 7.99, 14.13, 245.15, 13.19, NULL, 309.52, NULL, NULL, NULL, 1145.96, 20.4952, NULL, NULL, NULL, 133.737, NULL, NULL, NULL, NULL, NULL, NULL, NULL, 197162, 12061400, NULL, NULL, 0.0534799, 1.85453),
(78, 28, 0.6, 8.04, 15.27, 265.11, 12.22, NULL, 270.03, NULL, NULL, NULL, 1369.97, 18.1152, NULL, NULL, NULL, 615.875, NULL, NULL, NULL, NULL, NULL, NULL, NULL, 115439, 9911830, NULL, NULL, 0.0556799, 2.59322),
(79, 28, 0.6, 8.06, 15.45, 256.27, 10.84, NULL, 259, NULL, NULL, NULL, 1537.86, 15.5007, NULL, NULL, NULL, 335.313, NULL, NULL, NULL, NULL, NULL, NULL, NULL, 139323, 3582590, NULL, NULL, 0.0521326, 2.92254),
(80, 26, 0, 7.8, 15.11, 252.96, 12.23, NULL, 279.34, NULL, NULL, NULL, 609.375, 12.3539, NULL, NULL, NULL, 54.5065, NULL, NULL, NULL, NULL, NULL, NULL, NULL, 87773.4, 24560600, NULL, NULL, 0.0357143, 1.00983),
(81, 27, 0.6, 8.09, 14.62, 257.56, 10.6, NULL, 275.18, NULL, NULL, NULL, 979.824, 23.4281, NULL, NULL, NULL, 343.329, NULL, NULL, NULL, NULL, NULL, NULL, NULL, 122644, 15524600, NULL, NULL, 0.0506672, 2.08784),
(82, 28, 0.6, 7.78, 14.22, 280.56, 10.12, NULL, 289.04, NULL, NULL, NULL, 546.151, 31.8651, NULL, NULL, NULL, 89.6819, NULL, NULL, NULL, NULL, NULL, NULL, NULL, 121092, 29576300, NULL, NULL, 0.0428489, 3.25369),
(83, 29, 0, 8.11, 14.69, 278.87, 12.09, NULL, 270.18, NULL, NULL, NULL, 1098.58, 12.7323, NULL, NULL, NULL, 180.997, NULL, NULL, NULL, NULL, NULL, NULL, NULL, 173756, 3224330, NULL, NULL, 0.0358476, 1.43263),
(84, 29, 0, 8.08, 14.81, 265.64, 11.66, NULL, 254.9, NULL, NULL, NULL, 733.019, 15.2265, NULL, NULL, NULL, 161.579, NULL, NULL, NULL, NULL, NULL, NULL, NULL, 106204, 21853800, NULL, NULL, 0.038912, 1.92445),
(85, 30, 0.9, 8.39, 14.33, 278.05, 14.3, NULL, 263.33, NULL, NULL, NULL, 1633.73, 16.1842, NULL, NULL, NULL, 651.354, NULL, NULL, NULL, NULL, NULL, NULL, NULL, 79613.1, 13932300, NULL, NULL, 0.0499573, 1.82183),
(86, 30, 0.9, 8.06, 14.02, 251.83, 14.3, NULL, 267.07, NULL, NULL, NULL, 1352.04, 17.1665, NULL, NULL, NULL, 610.61, NULL, NULL, NULL, NULL, NULL, NULL, NULL, 124196, 9155510, NULL, NULL, 0.0553222, 3.12427),
(87, 31, 0.9, 8.12, 14.78, 272.84, 12.24, NULL, 275.22, NULL, NULL, NULL, 703.535, 22.2804, NULL, NULL, NULL, 227.53, NULL, NULL, NULL, NULL, NULL, NULL, NULL, 94938.6, 22530500, NULL, NULL, 0.0592193, 2.49819),
(88, 31, 0.9, 8.13, 14.96, 263.66, 11.02, NULL, 264.34, NULL, NULL, NULL, 1432.79, 32.3917, NULL, NULL, NULL, 371.807, NULL, NULL, NULL, NULL, NULL, NULL, NULL, 49439.7, 14967300, NULL, NULL, 0.0657329, 5.14158),
(89, 29, 0, 7.87, 14.73, 256.35, 12.15, NULL, 283.42, NULL, NULL, NULL, 698.666, 15.9376, NULL, NULL, NULL, 159.568, NULL, NULL, NULL, NULL, NULL, NULL, NULL, 43030.9, 0.0434935, NULL, NULL, 0.0434935, 1.47769),
(90, 30, 0.9, 8.13, 14.19, 261.53, 10.7, NULL, 282.76, NULL, NULL, NULL, 1891.67, 25.5987, NULL, NULL, NULL, 797.728, NULL, NULL, NULL, NULL, NULL, NULL, NULL, 203611, 11543900, NULL, NULL, 0.0567106, 0.887458),
(91, 31, 0.9, 7.89, 272.82, 10.32, NULL, 291.38, NULL, NULL, NULL, NULL, 1412.34, 71.3841, NULL, NULL, NULL, 299.668, NULL, NULL, NULL, NULL, NULL, NULL, NULL, 179448, 7762280, NULL, NULL, 0.0514706, 3.20711),
(92, 32, 1.2, 8.18, 14.73, 284.48, 12.29, NULL, 278.05, NULL, NULL, NULL, 817.345, 13.6261, NULL, NULL, NULL, 136.269, NULL, NULL, NULL, NULL, NULL, NULL, NULL, 104492, 2826270, NULL, NULL, NULL, NULL),
(93, 32, 1.2, 8.11, 15.01, 270.08, 11.69, NULL, 278.05, NULL, NULL, NULL, 1157.66, 17.1556, NULL, NULL, NULL, 98.2764, NULL, NULL, NULL, NULL, NULL, NULL, NULL, 165516, 3702010, NULL, NULL, NULL, NULL),
(94, 33, 1.2, 8.41, 14.71, 284.34, 14.21, NULL, 266.7, NULL, NULL, NULL, 2998.82, 85.5189, NULL, NULL, NULL, 433.173, NULL, NULL, NULL, NULL, NULL, NULL, NULL, 66914.8, 2547620, NULL, NULL, NULL, NULL),
(95, 33, 1.2, 8.13, 14.59, 257.45, 12.77, NULL, 294.12, NULL, NULL, NULL, 971.936, 19.014, NULL, NULL, NULL, 416.203, NULL, NULL, NULL, NULL, NULL, NULL, NULL, 106045, 1990330, NULL, NULL, NULL, NULL),
(96, 34, 1.2, 8.16, 14.82, 277.67, 12.42, NULL, 279.91, NULL, NULL, NULL, 1591.45, 29.3949, NULL, NULL, NULL, 1762.9, NULL, NULL, NULL, NULL, NULL, NULL, NULL, 114882, 4179690, NULL, NULL, NULL, NULL),
(97, 34, 1.2, 8.16, 15.25, 267.57, 11.05, NULL, 264.9, NULL, NULL, NULL, 509.001, 24.8396, NULL, NULL, NULL, 773.05, NULL, NULL, NULL, NULL, NULL, NULL, NULL, 94580.4, 5254460, NULL, NULL, NULL, NULL),
(98, 32, 0, 7.91, 262.48, 11.94, NULL, 281.67, NULL, NULL, NULL, NULL, 992.31, 18.1967, NULL, NULL, NULL, 60.284, NULL, NULL, NULL, NULL, NULL, NULL, NULL, 38293.9, 5771950, NULL, NULL, NULL, NULL),
(99, 33, 1.2, 8.14, 14.76, 270.19, 10.73, NULL, 287.44, NULL, NULL, NULL, 1664.92, 23.8819, NULL, NULL, NULL, 592.182, NULL, NULL, NULL, NULL, NULL, NULL, NULL, 86380.2, 3901040, NULL, NULL, NULL, NULL),
(100, 34, 1.2, 7.89, 14.48, 273.63, 10.29, NULL, 292.2, NULL, NULL, NULL, 1624.41, 22.3649, NULL, NULL, NULL, 1267.98, NULL, NULL, NULL, NULL, NULL, NULL, NULL, 89763.8, 4896210, NULL, NULL, NULL, NULL),
(103, 40, 1, 8.2, 19.4, 302, 8.8, NULL, 278, -484, 265, 2.78433, 344, 49.7, NULL, 60, 21.96, NULL, NULL, NULL, NULL, 21.6, NULL, NULL, NULL, 399922, 6786000, NULL, 62222.2, NULL, NULL),
(104, 40, 1, 8.1, 19, 295, 8.2, 3.46033, 266, -478, 240, NULL, 270, 165.3, NULL, NULL, NULL, NULL, NULL, NULL, NULL, 21.6, NULL, NULL, NULL, 785506, 2262000, NULL, 264444, NULL, NULL),
(107, 40, 1, 8.2, 19, 617, 8.8, NULL, NULL, NULL, NULL, NULL, 131, 151, NULL, 106, 2118, NULL, NULL, NULL, NULL, 21.6, NULL, NULL, NULL, 850094, 14964000, NULL, 153333, NULL, NULL),
(108, 41, 1, 8.1, 18.6, 279, 8.6, 3.86533, 242, -485, 201, NULL, 154, 354.4, NULL, 59, 2702, NULL, NULL, NULL, 64.4, 23.3, NULL, NULL, NULL, 1606920, 9744000, NULL, 277778, NULL, NULL),
(109, 41, 1, 8, 19.2, 299, 8.5, 2.58333, NULL, -471, 263, NULL, 114, 255.705, NULL, 32, 2146.73, NULL, NULL, NULL, 64.4, 23.3, NULL, NULL, NULL, 734976, 6960000, NULL, 93333.3, NULL, NULL),
(110, 41, 1, 8, 19.1, 297, 8, 3.67, NULL, -486, 182, NULL, 161, 309.465, NULL, NULL, NULL, NULL, NULL, NULL, NULL, 64.4, 23.3, NULL, NULL, 609000, 6612000, NULL, 96296.3, NULL, NULL),
(113, 42, 1, 8.2, 18.9, 293, 8.3, 3.67233, 269, -486, 182, NULL, 47, 29, NULL, NULL, 2.5, NULL, NULL, NULL, NULL, NULL, NULL, NULL, NULL, 658973, 5916000, NULL, 53333.3, NULL, NULL),
(114, 43, 1, 8.32, 20.5, 320, 9.1, 2.59667, 272, -497, 264, NULL, 173, 40, NULL, NULL, NULL, NULL, NULL, NULL, NULL, NULL, NULL, NULL, NULL, 76908, NULL, NULL, NULL, NULL, NULL),
(115, 43, 1, 8.01, 20.6, 316, 8.1, 2.537, 277.1, -482, 389, NULL, 401.865, 104.845, NULL, NULL, NULL, NULL, NULL, NULL, NULL, NULL, NULL, NULL, NULL, 101790, NULL, NULL, 148148, NULL, NULL),
(116, 43, 1, 8.25, 20.7, 328, 8.9, 3.369, 291, -456, 174, NULL, 186, 68.3, NULL, NULL, NULL, NULL, NULL, NULL, NULL, NULL, NULL, NULL, NULL, 72732, NULL, NULL, 208889, NULL, NULL),
(119, 44, 1, 8.16, 20.4, 300, 8.5, 2.787, 246, -509, 190, NULL, 281, 121.4, NULL, NULL, NULL, NULL, NULL, NULL, NULL, NULL, NULL, NULL, NULL, 133980, NULL, NULL, 102222, NULL, NULL),
(120, 44, 1, 7.92, 20.5, 316, 8.4, 1.717, 277, -476, 254, NULL, 174, 71, NULL, NULL, NULL, NULL, NULL, NULL, NULL, NULL, NULL, NULL, NULL, 43384, NULL, NULL, 48888.9, NULL, NULL),
(121, 44, 1, 8.07, 20.6, 316, 8.1, 2.73, 242, -486, 191, NULL, 322, 33, NULL, NULL, NULL, NULL, NULL, NULL, NULL, NULL, NULL, NULL, NULL, 53244, NULL, NULL, 143704, NULL, NULL),
(122, 45, 1, 8.07, 20.6, 309, 8.4, 1.968, 242, -496, 110, NULL, 33, 29, NULL, NULL, NULL, NULL, NULL, NULL, NULL, NULL, NULL, NULL, NULL, 77314, NULL, NULL, 75555.6, NULL, NULL),
(123, 46, 1, 8.36, 21.1, 340, 8, 1.744, 270, -502, 254, NULL, NULL, NULL, NULL, NULL, 175, NULL, NULL, NULL, NULL, NULL, NULL, NULL, NULL, 31552, NULL, NULL, 88888.9, 5.26135, 0.0715313),
(124, 46, 1, 8.3, 21.1, NULL, NULL, 1.869, NULL, NULL, NULL, NULL, NULL, NULL, NULL, NULL, 59, NULL, NULL, NULL, NULL, NULL, NULL, NULL, NULL, 51272, NULL, NULL, 185185, 5.26135, 0.0715313),
(125, 46, 1, 8.23, 20.9, 351, 8.7, 1.744, 284, -453, 188, NULL, NULL, NULL, NULL, NULL, 717, NULL, 1108, NULL, NULL, NULL, NULL, NULL, NULL, 73080, NULL, NULL, 183704, 5.26135, 0.0715313),
(126, 47, 1, 8.12, 20.6, 320, 8.5, 1.817, 246, -513, NULL, NULL, NULL, NULL, NULL, NULL, 105, NULL, NULL, NULL, 80, NULL, NULL, NULL, NULL, 62640, NULL, NULL, 142222, 4.4722, 0.0743951),
(127, 47, 1, 8.03, 21, 335, 8.1, 1.636, 274, -473, 211, NULL, NULL, NULL, NULL, NULL, 155, NULL, 970, NULL, 80, NULL, NULL, NULL, NULL, 24360, NULL, NULL, 459259, 4.4722, 0.0743951),
(128, 47, 1, 8.03, 21.2, 327, 8, 1.69, 248, -472, 197, NULL, NULL, NULL, NULL, NULL, 23, NULL, NULL, NULL, 80, NULL, NULL, NULL, NULL, 14616, NULL, NULL, 284444, 4.4722, 0.0743951),
(129, 48, 1, 8.3, 20.8, 328, 8.4, 1.64, 266, -501, 147, NULL, NULL, NULL, NULL, NULL, 16, NULL, 196, NULL, NULL, NULL, NULL, NULL, NULL, 50460, NULL, NULL, 87407.4, 3.51799, 0.0750261),
(130, 49, 1, 8.39, 20.3, 346, 9.1, 1.954, 272, NULL, NULL, NULL, 347, 6.4, NULL, NULL, 74, NULL, 285, NULL, 77.3, NULL, 79.7, NULL, NULL, 41655.6, NULL, NULL, 462222, 3.59106, 0.074961),
(131, 49, 1, NULL, NULL, NULL, NULL, 2.09, NULL, NULL, NULL, NULL, 412, 5, NULL, NULL, 194, NULL, 268, NULL, 77.3, NULL, 79.7, NULL, NULL, 55680, NULL, NULL, 275556, 3.59106, 0.074961),
(132, 49, 1, 8.2, 19.9, 358, 8.9, 1.8323, 286, NULL, NULL, NULL, 203, 10, NULL, NULL, 520, NULL, 450, NULL, 77.3, NULL, 79.7, NULL, NULL, 72964, NULL, NULL, 134815, 3.59106, 0.074961),
(135, 50, 1, 8.22, 19.6, 326, 8.7, 1.992, 251, NULL, NULL, NULL, 660, 19, 1.2, NULL, 189, NULL, 284, NULL, 79.2, NULL, 42.2, NULL, NULL, 21692, NULL, NULL, 306667, 4.28939, 0.0597599),
(136, 50, 1, 8.05, 20.2, 341, 8.5, 1.811, 278, NULL, NULL, NULL, 498, 9, 0, NULL, 77, NULL, 225, NULL, 79.2, NULL, 42.2, NULL, NULL, 53824, NULL, NULL, 484444, 4.28939, 0.0597599),
(137, 50, 1, 8.05, 20.1, 340, 8.2, 1.95, NULL, NULL, NULL, NULL, 551, 14.1, NULL, NULL, 46, NULL, 156, NULL, 79.2, NULL, 42.2, NULL, NULL, 44950, NULL, NULL, 259259, 4.28939, 0.0597599),
(138, 51, 1, 8.28, 19.9, 335, 8.6, 1.823, NULL, NULL, NULL, NULL, 27, 0.4, NULL, NULL, 41, NULL, 6, NULL, NULL, NULL, NULL, NULL, NULL, 43848, NULL, NULL, 474074, 3.50816, 0.0600928),
(139, 60, 0, 8.33, 21.2, 243.68, 12, NULL, 314, NULL, NULL, 315000, 22.3834, 1.55618, NULL, NULL, 10.46, NULL, NULL, 0.825819, NULL, NULL, NULL, NULL, NULL, 131000, 130000, NULL, NULL, NULL, NULL),
(140, 60, 0, 7.7, 21.57, 247.6, 7.8, NULL, 300, NULL, NULL, 315000, 19.7305, 1.17765, NULL, NULL, 10.46, NULL, NULL, 0.825819, NULL, NULL, NULL, NULL, NULL, 131000, 130000, NULL, NULL, NULL, NULL),
(141, 61, 0, 7.86, 20.55, 226.66, 11.3, NULL, 289, NULL, NULL, 399000, 41.1194, 1.6719, 1.3501, NULL, 10.46, NULL, NULL, 0.749072, NULL, NULL, NULL, NULL, NULL, 229000, 131000, NULL, NULL, NULL, NULL),
(142, 61, 0, 8.1, 20.55, 246.27, 10.5, NULL, 264, NULL, NULL, 399000, 40.1246, 1.00938, 1.3501, NULL, 10.46, NULL, NULL, 0.749072, NULL, NULL, NULL, NULL, NULL, 229000, 131000, NULL, NULL, NULL, NULL),
(145, 62, 0, 7.99, 21.1, 258.76, 10.6, NULL, 276, NULL, NULL, 177000, 37.9692, 1.33012, 1.3501, NULL, 10.46, NULL, NULL, 0.777171, NULL, NULL, NULL, NULL, NULL, 137000, 7900000, NULL, NULL, NULL, NULL),
(146, 62, 0, 7.58, 20.7, 242.62, 8.8, NULL, 287, NULL, NULL, 177000, 33.6583, 0.814893, 1.3501, NULL, 10.46, NULL, NULL, 0.777171, NULL, NULL, NULL, NULL, NULL, 137000, 7900000, NULL, NULL, NULL, NULL),
(147, 63, 0, 8.48, 19.8, 264.98, 12.7, NULL, 331, NULL, NULL, 140000, 38.9636, 1.27755, 1.3501, NULL, 8.28775, NULL, NULL, 0.796797, NULL, NULL, NULL, NULL, NULL, 388000, 15400000, NULL, NULL, NULL, NULL),
(148, 63, 0, 7.8, 20.2, 266.67, 9.3, NULL, 331, NULL, NULL, 140000, 36.3108, 1.19343, 1.3501, NULL, 12.2237, NULL, NULL, 0.796797, NULL, NULL, NULL, NULL, NULL, 388000, 15400000, NULL, NULL, NULL, NULL),
(149, 64, 0.00706, 8, 18.97, 248.13, 11.6, NULL, 265, NULL, NULL, 189000, 42.7771, 1.24074, 0.872969, NULL, 9.22301, NULL, NULL, 0.831611, NULL, NULL, NULL, NULL, NULL, 277000, 10900000, NULL, NULL, NULL, NULL),
(150, 64, 0.00706, 8.26, 19.54, 269.19, 11.1, NULL, 275, NULL, NULL, 189000, 30.5077, 1.19868, 0.784471, NULL, 12.9565, NULL, NULL, 0.831611, NULL, NULL, NULL, NULL, NULL, 277000, 10900000, NULL, NULL, NULL, NULL),
(151, 65, 0.00632, 8.135, 19.7, 277, 11.1, NULL, 291, NULL, NULL, 169000, 36.145, 1.26703, 0.867138, NULL, 9.92472, NULL, NULL, 0.852057, NULL, NULL, NULL, NULL, NULL, 229000, 13500000, NULL, NULL, NULL, NULL),
(152, 65, 0.00632, 7.74, 19.13, 268.43, 9.2, NULL, 295, NULL, NULL, 169000, 33.1605, 1.21445, 0.812256, NULL, 9.79651, NULL, NULL, 0.852057, NULL, NULL, NULL, NULL, NULL, 229000, 13500000, NULL, NULL, NULL, NULL),
(153, 66, 0, 8.5, 18.95, 272.74, 13.8, NULL, 332, NULL, NULL, 873000, 21.5543, 1.39846, 1.3501, NULL, 11.3231, NULL, NULL, 0.76324, NULL, NULL, NULL, NULL, NULL, 212000, 15100000, NULL, NULL, NULL, NULL),
(154, 66, 0, 7.9, 19.2, 272, 10.2, NULL, 311, NULL, NULL, 873000, 3.97926, 1.26177, 1.3501, NULL, 10.2061, NULL, NULL, 0.76324, NULL, NULL, NULL, NULL, NULL, 212000, 15100000, NULL, NULL, NULL, NULL),
(155, 67, 0.0141, 8.11, 18.19, 258.23, 12.7, NULL, 251, NULL, NULL, 1300000, 42.4465, 1.61936, 0.636633, NULL, 10.0855, NULL, NULL, 1.07898, NULL, NULL, NULL, NULL, NULL, 146000, 13200000, NULL, NULL, NULL, NULL),
(156, 67, 0.0141, 8.34, 18.6, 279.25, 12.6, NULL, 286, NULL, NULL, 1300000, 16.5792, 1.31425, 0.592727, NULL, 10.0855, NULL, NULL, 1.07898, NULL, NULL, NULL, NULL, NULL, 146000, 13200000, NULL, NULL, NULL, NULL),
(157, 68, 0.0126, 8.21, 18.7, 283.83, 12.3, NULL, 297, NULL, NULL, 903000, 34.4887, 2.05038, 0.867138, NULL, 9.91263, NULL, NULL, 0.902655, NULL, NULL, NULL, NULL, NULL, 283000, 17200000, NULL, NULL, NULL, NULL),
(158, 68, 0.0126, 7.87, 18.3, 277.18, 10.2, NULL, 297, NULL, NULL, 903000, 11.6056, 1.62979, 0.779326, NULL, 10.4919, NULL, NULL, 0.902655, NULL, NULL, NULL, NULL, NULL, 283000, 17200000, NULL, NULL, NULL, NULL),
(159, 69, 0, 8.55, 21.37, 280.38, 12.7, NULL, 330, NULL, NULL, 687000, 35.1502, 1.50898, 1.3501, NULL, 10.574, NULL, NULL, 0.76324, NULL, NULL, NULL, NULL, NULL, 898000, 6130000, NULL, NULL, NULL, NULL),
(160, 69, 0, 7.9, 21.7, 277.79, 3.8, NULL, 309, NULL, NULL, 687000, 32.1657, 1.2564, 1.3501, NULL, 8.75701, NULL, NULL, 0.76324, NULL, NULL, NULL, NULL, NULL, 898000, 6130000, NULL, NULL, NULL, NULL),
(161, 70, 0.0212, 8.12, 20.69, 267, 12.3, NULL, 230, NULL, NULL, 926000, 50.0751, 1.74554, 0.697003, NULL, 9.04481, NULL, NULL, 0.970869, NULL, NULL, NULL, NULL, NULL, 209000, 8160000, NULL, NULL, NULL, NULL),
(162, 70, 0.0212, 8.38, 21.13, 286.35, 11.8, NULL, 230, NULL, NULL, 926000, 38.4641, 1.45094, 0.565286, NULL, 10.9193, NULL, NULL, 0.970869, NULL, NULL, NULL, NULL, NULL, 209000, 8160000, NULL, NULL, NULL, NULL),
(163, 71, 0.019, 8.23, 21.18, 290.86, 11.7, NULL, 282, NULL, NULL, 789000, 48.9118, 2.68126, 1.09764, NULL, 11.9292, NULL, NULL, 0.880635, NULL, NULL, NULL, NULL, NULL, 234000, 6850000, NULL, NULL, NULL, NULL),
(164, 71, 0.019, 7.79, 20.89, 285.45, 9.8, NULL, 311, NULL, NULL, 789000, 16.0829, 1.95574, 0.976902, NULL, 9.45339, NULL, NULL, 0.880635, NULL, NULL, NULL, NULL, NULL, 234000, 6850000, NULL, NULL, NULL, NULL),
(165, 72, 0, 8.65, 20.06, 286.34, 12.3, NULL, 330, NULL, NULL, 579000, 21.0569, 1.58248, 1.3501, NULL, 9.96047, NULL, NULL, 0.74884, NULL, NULL, NULL, NULL, NULL, 886000, 9630000, NULL, NULL, NULL, NULL),
(166, 72, 0, 7.9, 20.4, 286.7, 9.8, NULL, 308, NULL, NULL, 579000, 13.0984, 1.4563, 1.3501, NULL, 12.3481, NULL, NULL, 0.74884, NULL, NULL, NULL, NULL, NULL, 886000, 9630000, NULL, NULL, NULL, NULL),
(167, 73, 0.0282, 8.126, 19.27, 273.8, 12.4, NULL, 212, NULL, NULL, 957000, 31.5045, 1.52464, 0.658586, NULL, 10.7761, NULL, NULL, 1.0546, NULL, NULL, NULL, NULL, NULL, 492000, 13400000, NULL, NULL, NULL, NULL),
(168, 73, 0.0282, 8.5, 10.79, 292.89, 12.2, NULL, 291, NULL, NULL, 957000, 17.5731, 1.45104, 0.625656, NULL, 8.06931, NULL, NULL, 1.0546, NULL, NULL, NULL, NULL, NULL, 492000, 13400000, NULL, NULL, NULL, NULL),
(169, 74, 0.0253, 8.294, 19.8, 296.38, 11.8, NULL, 284, NULL, NULL, 836000, 28.52, 2.76538, 1.60262, NULL, 10.0086, NULL, NULL, 1.00008, NULL, NULL, NULL, NULL, NULL, 491000, 7780000, NULL, NULL, NULL, NULL),
(170, 74, 0.0253, 7.82, 19.48, 293.75, 7.9, NULL, 314, NULL, NULL, 836000, 14.5886, 2.55509, 1.09758, NULL, 10.0086, NULL, NULL, 1.00008, NULL, NULL, NULL, NULL, NULL, 491000, 7780000, NULL, NULL, NULL, NULL),
(171, 80, 1, 9, 25.7, 319, 8.1, 1.8, 213, -314.9, 141.6, NULL, NULL, 1.5, 1.5, NULL, 31, NULL, NULL, NULL, NULL, NULL, NULL, NULL, NULL, NULL, NULL, NULL, NULL, 3.02671, 0.991888),
(172, 81, 1, 7.9, 25.9, 296, 5.5, 1.8, 283, -401.5, 130.5, NULL, 21, 0, NULL, NULL, 0, NULL, NULL, NULL, NULL, NULL, NULL, NULL, NULL, 64032, 11310000, NULL, NULL, 3.60233, 0.107413),
(173, 72, 1, 7.9, 25.8, 298, 8.8, 1.9, 285, -134.2, 80.9, NULL, 44, 39.1, 17.5, NULL, 82, NULL, NULL, NULL, NULL, NULL, NULL, NULL, NULL, 77952, 10440000, NULL, NULL, 3.08753, 0.0898805),
(174, 72, 1, 7.7, 25.9, 290, 7.7, 1.8, 7.7, 222, -232.2, NULL, 43, 39.2, 15, NULL, 20, NULL, NULL, NULL, NULL, NULL, NULL, NULL, NULL, 50112, 10440000, NULL, NULL, 3.08753, 0.0898805),
(175, 71, 1, 7.8, 26, 252, 7.7, 1.2, 291, -82.2, 181, NULL, 18, NULL, 0.8, 0, 0, NULL, NULL, NULL, NULL, NULL, NULL, NULL, NULL, 20880, 7830000, NULL, NULL, 3.60233, 0.107413),
(176, 70, 1, 7.8, 26, 296, 4.3, 2, 265, -248.1, 172.3, NULL, 36, 2.4, 1.8, 6, 6, NULL, NULL, NULL, NULL, NULL, NULL, NULL, NULL, 97440, 17980000, NULL, NULL, 3.02671, 0.0918883),
(177, 71, 1, 7.9, 25.8, 305, 274, 2.3, 274, -145.6, 124, NULL, 9, 0, NULL, NULL, 0, NULL, NULL, NULL, NULL, NULL, NULL, NULL, NULL, NULL, NULL, 90712, 13920000, 3.60233, 0.107413),
(178, 72, 1, 8, 26.2, 304, 6.5, 2.1, 292, -342.8, 154.7, NULL, 32, 49.6, 24.3, NULL, 144, NULL, NULL, NULL, NULL, NULL, NULL, NULL, NULL, 55680, 19430000, NULL, NULL, 3.08753, 0.0898805),
(179, 70, 1, 8.2, 307, 6.8, 6.8, 1.8, 264, -488.8, 13.48, NULL, 44, 2.9, 1.6, NULL, 56, NULL, NULL, NULL, NULL, NULL, NULL, NULL, NULL, 222720, 9280000, NULL, NULL, 3.02671, 0.0918883),
(180, 83, 1, 9, 25.7, 234, 7.7, 1.9, 233, -367.8, 142.3, NULL, NULL, 2.6, 3.3, NULL, 170, NULL, NULL, NULL, NULL, NULL, NULL, NULL, NULL, 178176, 19140000, NULL, NULL, 3.40598, 0.0999336),
(181, 84, 1, 8, 25.9, 304, 5.8, 1.7, 279, -437.1, 133.2, NULL, 30, 0, 4.1, NULL, 0, NULL, NULL, NULL, NULL, NULL, NULL, NULL, NULL, 240584, 20880000, NULL, NULL, 2.37507, 0.102409),
(182, 85, 1, 8, 306, 9.3, 9.3, 1.8, 284, -39.11, 78.89, NULL, 71, 35.4, 20.6, NULL, 16, NULL, NULL, NULL, NULL, NULL, NULL, NULL, NULL, 139896, 12180000, NULL, NULL, 2.93837, 0.0953584),
(183, 85, 1, 7.9, 25.8, 300, 7.8, 1.7, 207, -238, 172.6, NULL, 82, 0.1, 3, NULL, NULL, NULL, NULL, NULL, NULL, NULL, NULL, NULL, NULL, 224112, 26390000, NULL, NULL, 2.93837, 0.0953584),
(184, 84, 1, 8, 25.8, 266, 7.9, 1.3, 293, -97.1, 181.1, NULL, 59, 0.1, 1.5, NULL, NULL, NULL, NULL, NULL, NULL, NULL, NULL, NULL, NULL, 7656, 22910000, NULL, NULL, 2.37507, 0.102409),
(185, 83, 1, 7.8, 304, 4.6, 4.6, 1.9, 266, -97.1, 157.8, NULL, 82, 7.7, 3, NULL, 0, NULL, NULL, NULL, NULL, NULL, NULL, NULL, NULL, 143260, 33350000, NULL, NULL, 3.40598, 0.0999336),
(186, 84, 1, 7.9, 25.9, 316, 7.5, 2.6, 276, -133.9, 124.7, NULL, 33, 0.1, NULL, NULL, 0, NULL, NULL, NULL, NULL, NULL, NULL, NULL, NULL, 167504, 28420000, NULL, NULL, 2.37507, 0.102409),
(187, 85, 1, 8, 26.2, 314, 6.6, 2.1, 296, -356, 124.7, NULL, 72, 46.4, NULL, NULL, 34, NULL, NULL, NULL, NULL, NULL, NULL, NULL, NULL, 107880, 60030000, NULL, NULL, 2.93837, 0.0953584),
(188, 83, 1, 8, 315, 315, 6.6, 1.9, 272, -489.2, 117.3, NULL, 105, 3.4, 4.8, NULL, 340, NULL, NULL, NULL, NULL, NULL, NULL, NULL, NULL, 252010, 11020000, NULL, NULL, 3.40598, 0.0999336),
(189, 86, 1, 7.8, 25.1, NULL, 9.7, 2.1, NULL, NULL, NULL, NULL, 145, 14.5, 0, NULL, 140, NULL, NULL, NULL, NULL, NULL, NULL, NULL, NULL, 153120, 3190000, NULL, NULL, 2.47438, 0.243315),
(190, 87, 1, 8.1, 25.1, 311, 6, 2.1, 278, NULL, NULL, NULL, NULL, 19, 0.1, 7.4, 0, NULL, NULL, NULL, NULL, NULL, NULL, NULL, NULL, 126672, 2610000, NULL, NULL, 2.36759, 0.136343),
(191, 88, 1, 7.9, 25.1, 315, 9.8, 1.8, 288, NULL, NULL, NULL, NULL, 146, 57.8, 36.3, 9, NULL, NULL, NULL, NULL, NULL, NULL, NULL, NULL, 185136, 5800000, NULL, NULL, 1.79938, 0.0844978),
(192, 88, 1, 7.9, 25.1, 310, 8.2, 1.4, 201, NULL, NULL, NULL, 67, 47.2, 13.2, NULL, 1, NULL, NULL, NULL, NULL, NULL, NULL, NULL, NULL, 155904, 3480000, NULL, NULL, 1.79938, 0.0844978),
(193, 87, 1, 7.9, 24.6, 276, 7.4, 1.4, 290, NULL, NULL, NULL, 21, 0.1, 3, NULL, 0, NULL, NULL, NULL, NULL, NULL, NULL, NULL, NULL, 112404, 1450000, NULL, NULL, 2.36759, 0.136343),
(194, 86, 1, 7.9, 25.3, 313, 5.3, 1.9, 266, NULL, NULL, NULL, 89, 4.8, 2.9, NULL, 10, NULL, NULL, NULL, NULL, NULL, NULL, NULL, NULL, 129920, 2030000, NULL, NULL, 2.47438, 0.243315),
(195, 87, 1, 8, 25.2, 324, 7.9, 2.9, 280, NULL, NULL, NULL, 25, 0, 1.7, NULL, 0, NULL, NULL, NULL, NULL, NULL, NULL, NULL, NULL, 168606, 6380000, NULL, NULL, 2.36759, 0.136343),
(196, 88, 1, 7.9, 25.5, 322, 7, 2.6, 296, NULL, NULL, NULL, 133, 74.2, 15, NULL, 17, NULL, NULL, NULL, NULL, NULL, NULL, NULL, NULL, 130790, 6090000, NULL, NULL, 1.79938, 0.0844978),
(197, 86, 1, 8, 25.4, 324, 7, 1.9, 275, NULL, NULL, NULL, 108, 5.8, NULL, NULL, 270, NULL, NULL, NULL, NULL, NULL, NULL, NULL, NULL, 113680, 870000, NULL, NULL, 2.47438, 0.243315),
(198, 89, 1, 8.1, 25.1, NULL, 10.6, NULL, NULL, NULL, NULL, NULL, NULL, NULL, NULL, NULL, 85, NULL, NULL, NULL, NULL, NULL, NULL, NULL, NULL, 0, 0, NULL, NULL, 1.23813, 0.104611),
(199, 90, 1, 8.2, 25, 316, 6.5, 1.9, 283, NULL, NULL, NULL, 22, 0.05, 2.1, NULL, 0, NULL, NULL, NULL, NULL, NULL, NULL, NULL, NULL, 114840, 1450000, NULL, NULL, 1.83786, 0.151529),
(200, 91, 1, 7.8, 24.9, 322, 10.5, 1.9, 288, NULL, NULL, NULL, 189, 68.4, NULL, NULL, 60, NULL, NULL, NULL, NULL, NULL, NULL, NULL, NULL, 149408, 4930000, NULL, NULL, 1.73728, 0.0700727),
(201, 91, 1, 8, 25, 317, 8.7, 2.8, 188, NULL, NULL, NULL, 98, 5.2, 3.1, NULL, 102, NULL, NULL, NULL, NULL, NULL, NULL, NULL, NULL, 185136, 2610000, NULL, NULL, 1.73728, 0.0700727),
(202, 90, 1, 8, 24.4, 284, 7.7, 1.7, 293, NULL, NULL, NULL, 18, 0.1, 0.9, NULL, 0, NULL, NULL, NULL, NULL, NULL, NULL, NULL, NULL, 119016, 4640000, NULL, NULL, 1.83786, 0.151529),
(203, 89, 1, 7.9, 25.1, 317, 6, 1.7, 293, NULL, NULL, NULL, 98, 5.2, 3.1, NULL, 85, NULL, NULL, NULL, NULL, NULL, NULL, NULL, NULL, 155382, 870000, NULL, NULL, 1.23813, 0.104611),
(204, 90, 1, 7.9, 24.5, 330, 7.9, 2.6, 276, NULL, NULL, NULL, 23, 0, NULL, NULL, 0, NULL, NULL, NULL, NULL, NULL, NULL, NULL, NULL, 99180, 15660000, NULL, NULL, 1.83786, 0.151529),
(205, 91, 1, 8.1, 25.3, 327, 7.4, 2.8, 296, NULL, NULL, NULL, 108, 87.2, 19.2, NULL, 18, NULL, NULL, NULL, NULL, NULL, NULL, NULL, NULL, 185020, 14500000, NULL, NULL, 1.73728, 0.0700727),
(206, 89, 1, 8.2, 25.2, 330, 7.5, 1.9, 276, NULL, NULL, NULL, 131, 7.1, 1.7, NULL, 85, NULL, NULL, NULL, NULL, NULL, NULL, NULL, NULL, 197780, 10150000, NULL, NULL, 1.23813, 0.104611);

-- --------------------------------------------------------

--
-- Structure de la table `protocol`
--

CREATE TABLE `protocol` (
  `Protocol_ID` int(255) NOT NULL,
  `Name` varchar(250) DEFAULT NULL,
  `Duration_Value` int(250) DEFAULT NULL,
  `Duration_Units` varchar(250) DEFAULT NULL,
  `Description` varchar(250) DEFAULT NULL,
  `Reference` varchar(250) DEFAULT NULL
) ENGINE=InnoDB DEFAULT CHARSET=utf8;

-- --------------------------------------------------------

--
-- Structure de la table `publication`
--

CREATE TABLE `publication` (
  `DOI` varchar(350) NOT NULL,
  `Title` varchar(250) DEFAULT NULL,
  `Journal` varchar(250) DEFAULT NULL,
  `Year` varchar(250) DEFAULT NULL,
  `Volume` varchar(250) DEFAULT NULL,
  `Issue` varchar(250) DEFAULT NULL,
  `Page` varchar(250) DEFAULT NULL,
  `Contact_Author` varchar(250) NOT NULL,
  `Keywords` varchar(250) DEFAULT NULL,
  `Abstract` varchar(250) DEFAULT NULL,
  `Publish_Status` varchar(250) DEFAULT NULL,
  `Curation_Status` varchar(250) DEFAULT NULL,
  `Curation_Note` varchar(250) DEFAULT NULL
) ENGINE=InnoDB DEFAULT CHARSET=utf8;

--
-- Contenu de la table `publication`
--

INSERT INTO `publication` (`DOI`, `Title`, `Journal`, `Year`, `Volume`, `Issue`, `Page`, `Contact_Author`, `Keywords`, `Abstract`, `Publish_Status`, `Curation_Status`, `Curation_Note`) VALUES
('', 'The necessity of investigating a freshwater-marine continuum using a mesocosm approach in nanosafety: The case study of TiO2 MNM-based photocatalytic cement. ', 'NanoImpact', '2020', '20', NULL, NULL, 'Amélie Châtel', NULL, NULL, 'Published', 'No', NULL),
('https://doi.org/10.1039/C9EN01439J', 'Multivariate analysis of the exposure and hazard of ceria nanomaterials in indoor aquatic mesocosms', 'Environmental science‎.Nano, Royal Society of Chemistry', '2020', '7', '6', '1661-1669', 'Mohammad Nassar', NULL, 'he vast diversity of applications using nanomaterials and enhanced physicochemical properties at the nanoscale have raised questions ', 'Published', 'No', NULL),
('https://dx.doi.org/10.1016/j.impact.2018.12.005', ' Contribution of mesocosm testing to a single-step and exposure-driven environmental risk assessment of engineered nanomaterials.', 'NanoImpact', '2019', '13', NULL, '66-69', 'Melanie Auffan', NULL, NULL, 'Published', 'No', NULL),
('https://dx.doi.org/10.1021/es302493s', 'Is There a Trojan-Horse Effect during Magnetic Nanoparticles and Metalloid Cocontamination of Human Dermal Fibroblasts?.', 'Environmental Science and Technology, American Chemical Society', '2012', '49', '19', '10789-10796', 'Melanie Auffan', NULL, NULL, 'Published', 'no', NULL),
('https://dx.doi.org/10.1038/srep05608', 'An adaptable mesocosm platform for performing integrated assessments of nanomaterial risk in complex environmental systems.', 'Scientific Reports, Nature', '2014', '4', NULL, NULL, 'Melanie Auffan', NULL, NULL, 'Published', 'no', NULL),
('https://dx.doi.org/10.1039/c8en00712h', ' Environmental exposure of a simulated pond ecosystem to a CuO nanoparticle-based wood stain throughout its life cycle', ' Environmental science‎.Nano', '2018', '5', '11', '2579-2589', 'Melanie Auffan', NULL, NULL, 'Published', 'No', NULL),
('https://dx.doi.org/10.1039/d0ra00595a', 'Aqueous aging of a silica coated TiO 2 UV filter used in sunscreens: investigations at the molecular scale with dynamic nuclear polarization NMR.', 'RSC Advances, Royal Society of Chemistr', '2020', '10', '14', '8266-8274', 'Danielle Slomberg', NULL, NULL, 'Publlished', 'NO', NULL),
('https://dx.doi.org/10.3390/ma12152447', 'Monitoring the Environmental Aging of Nanomaterials: An Opportunity for Mesocosm Testing?', 'Materials', '2019', '12', '15', '2447', 'Armand Masion', NULL, NULL, 'Published', 'No', NULL),
('https://hal-amu.archives-ouvertes.fr/hal-01519535', 'Exposure and environmental impact during the life cycle of manufactured nanomaterials', 'Actualite Chimique,', '2012', NULL, NULL, '59-62', 'Melanie Auffan', NULL, NULL, 'Published', 'no', NULL),
('https://hal-amu.archives-ouvertes.fr/hal-02393686', 'Environmental risk and eco-toxicology of nanomaterials: exposure driven methodology', 'oxicology Letters,', '2018', NULL, NULL, NULL, 'Jérôme Rose', NULL, NULL, 'Published', 'no', NULL);

-- --------------------------------------------------------

--
-- Structure de la table `sampling`
--

CREATE TABLE `sampling` (
  `IDS` int(255) NOT NULL,
  `IDE` int(255) NOT NULL,
  `Injection_mode` varchar(20) NOT NULL,
  `Metal` varchar(25) DEFAULT NULL,
  `Mineralogy` varchar(25) DEFAULT NULL,
  `Shape` varchar(25) DEFAULT NULL,
  `Coating` varchar(25) DEFAULT NULL,
  `Size` int(25) DEFAULT NULL,
  `Contaminant` varchar(25) DEFAULT NULL,
  `Sampling_time` int(150) NOT NULL
) ENGINE=InnoDB DEFAULT CHARSET=utf8;

--
-- Contenu de la table `sampling`
--

INSERT INTO `sampling` (`IDS`, `IDE`, `Injection_mode`, `Metal`, `Mineralogy`, `Shape`, `Coating`, `Size`, `Contaminant`, `Sampling_time`) VALUES
(1, 1, 'none', 'none', 'none', 'none', 'none', 0, 'Control', 0),
(2, 1, 'chronic', 'Ag', 'Ag', 'Plate', 'Citrate', 26, 'Ag_Platelet_Citrate_26 ', 0),
(3, 1, 'chronic', 'Ag', 'Ag', 'Sphere', 'Citrate', 20, 'Ag_Sphere_Citrate_20 ', 0),
(4, 1, 'none', 'none', 'none', 'none', 'none', 0, 'Control', 7),
(5, 1, 'chronic', 'Ag', 'Ag', 'Platelet ', 'Citrate', 26, 'Ag_Platelet_Citrate_26 ', 7),
(6, 1, 'chronic', 'Ag', 'Ag', 'Sphere', 'Citrate', 20, 'Ag_Sphere_Citrate_20 ', 7),
(7, 1, 'none', 'none', 'none', 'none', 'none', 0, 'Control', 14),
(8, 1, 'chronic', 'Ag', 'Ag', 'Platelet', 'Citrate', 26, 'Ag_Platelet_Citrate_26 ', 14),
(9, 1, 'chronic', 'Ag', 'Ag', 'Sphere', 'Citrate', 20, 'Ag_Sphere_Citrate_20 ', 14),
(10, 1, 'none', 'none', 'none', 'none', 'none', 0, 'Control', 21),
(11, 1, 'chronic', 'Ag', 'Ag', 'Platelet', 'Citrate', 26, 'Ag_Platelet_Citrate_26 ', 21),
(12, 1, 'chronic', 'Ag', 'Ag', 'Sphere', 'Citrate', 20, 'Ag_Sphere_Citrate_20 ', 21),
(13, 1, 'none', 'none', 'none', 'none', 'none', 0, 'Control', 28),
(14, 1, 'chronic', 'Ag', 'Ag', 'Platelet', 'Citrate', 26, 'Ag_Platelet_Citrate_26 ', 28),
(15, 1, 'chronic', 'Ag', 'Ag', 'Sphere', 'Citrate', 20, 'Ag_Sphere_Citrate_20 ', 28),
(20, 1, 'Chronic', 'none', 'none', 'none', 'none', 0, 'none', 0),
(21, 1, 'Chronic', 'Ti', 'TiO2', 'Cube', 'Uncoated', 30, 'TiO2_Rods_Uncoated_30', 0),
(22, 1, 'chronic', 'Ti', 'TiO2', 'Rods', 'Uncoated', 200, 'TiO2_Rods_Uncoated_200', 0),
(23, 1, 'Chronic', 'none', 'none', 'none', 'none', 0, 'Control', 7),
(24, 1, 'Chronic', 'Ti', 'TiO2', 'Cube', 'Uncoated', 30, 'TiO2_Rods_Uncoated_30', 7),
(25, 1, 'chronic', 'Ti', 'TiO2', 'Rods', 'Uncoated', 200, 'TiO2_Rods_Uncoated_200', 7),
(26, 1, 'Chronic', 'none', 'none', 'none', 'none', 0, 'Control', 14),
(27, 1, 'Chronic', 'Ti', 'TiO2', 'Cube', 'Uncoated', 30, 'TiO2_Rods_Uncoated_30', 14),
(28, 1, 'chronic', 'Ti', 'TiO2', 'Rods', 'Uncoated', 200, 'TiO2_Rods_Uncoated_200', 14),
(29, 1, 'Chronic', 'none', 'none', 'none', 'none', 0, 'Control', 21),
(30, 1, 'Chronic', 'Ti', 'TiO2', 'Cube', 'Uncoated', 30, 'TiO2_Rods_Uncoated_30', 21),
(31, 1, 'chronic', 'Ti', 'TiO2', 'Rods', 'Uncoated', 200, 'TiO2_Rods_Uncoated_200', 21),
(32, 1, 'Chronic', 'none', 'none', 'none', 'none', 0, 'Control', 28),
(33, 1, 'Chronic', 'Ti', 'TiO2', 'Cube', 'Uncoated', 30, 'TiO2_Rods_Uncoated_30', 28),
(34, 1, 'chronic', 'Ti', 'TiO2', 'Rods', 'Uncoated', 200, 'TiO2_Rods_Uncoated_200', 28),
(40, 2, 'monodose', 'Ce', 'CeO2', 'Sphere', 'Bare', 4, 'CeO2_Sphere_Bare_4', 7),
(41, 2, 'monodose', 'Ce', 'CeO2', 'Sphere', 'Citrate', 4, 'CeO2_Sphere_Citrate_4', 7),
(42, 2, 'monodose', 'none', 'none', 'none', 'none', 0, 'Control', 7),
(43, 2, 'monodose', 'Ce', 'CeO2', 'Sphere', 'Bare', 4, 'CeO2_Sphere_Bare_4', 14),
(44, 2, 'monodose', 'Ce', 'CeO2', 'Sphere', 'Citrate', 4, 'CeO2_Sphere_Citrate_4', 14),
(45, 2, 'monodose', 'none', 'none', 'none', 'none', 0, 'Control', 14),
(46, 2, 'monodose', 'Ce', 'CeO2', 'Sphere', 'Bare', 4, 'CeO2_Sphere_Bare_4', 21),
(47, 2, 'monodose', 'Ce', 'CeO2', 'Sphere', 'Citrate', 4, 'CeO2_Sphere_Citrate_4', 21),
(48, 2, 'monodose', 'none', 'none', 'none', 'none', 0, 'Control', 21),
(49, 2, 'monodose', 'Ce', 'CeO2', 'Sphere', 'Bare', 4, 'CeO2_Sphere_Bare_4', 28),
(50, 2, 'monodose', 'Ce', 'CeO2', 'Sphere', 'Citrate', 4, 'CeO2_Sphere_Citrate_4', 28),
(51, 2, 'monodose', 'none', 'none', 'none', 'none', 0, 'Control', 28),
(60, 4, 'Chronic', 'none', 'none', 'none', 'none', 0, 'Control', 0),
(61, 4, 'Chronic', 'CuO', 'Paint_CuO', 'Fragmented', 'Uncoated', 12, 'CuO_Fragmented_12', 0),
(62, 4, 'chronic', 'Cu', 'CuO', 'Sphere', 'Uncoated', 12, 'CuO_Sphere_uncoated_12', 0),
(63, 4, 'Chronic', 'none', 'none', 'none', 'none', 0, 'Control', 7),
(64, 4, 'Chronic', 'CuO', 'Paint_CuO', 'Fragmented', 'Uncoated', 12, 'CuO_Fragmented_12', 7),
(65, 4, 'chronic', 'Cu', 'CuO', 'Sphere', 'Uncoated', 12, 'CuO_Sphere_uncoated_12', 7),
(66, 4, 'Chronic', 'none', 'none', 'none', 'none', 0, 'Control', 14),
(67, 4, 'Chronic', 'CuO', 'Paint_CuO', 'Fragmented', 'Uncoated', 12, 'CuO_Fragmented_12', 14),
(68, 4, 'chronic', 'Cu', 'CuO', 'Sphere', 'Uncoated', 12, 'CuO_Sphere_uncoated_12', 14),
(69, 4, 'Chronic', 'none', 'none', 'none', 'none', 0, 'Control', 21),
(70, 4, 'Chronic', 'CuO', 'Paint_CuO', 'Fragmented', 'Uncoated', 12, 'CuO_Fragmented_12', 21),
(71, 4, 'chronic', 'Cu', 'CuO', 'Sphere', 'Uncoated', 12, 'CuO_Sphere_uncoated_12', 21),
(72, 4, 'Chronic', 'none', 'none', 'none', 'none', 0, 'Control', 28),
(73, 4, 'Chronic', 'CuO', 'Paint_CuO', 'Fragmented', 'Uncoated', 12, 'CuO_Fragmented_12', 28),
(74, 4, 'chronic', 'Cu', 'CuO', 'Sphere', 'Uncoated', 12, 'CuO_Sphere_uncoated_12', 28),
(80, 3, 'Chronic', 'Ce', 'CeO2', 'Sphere', 'Bare', 30, 'CeO2_Sphere_Bare_30', 7),
(81, 3, 'Chronic', 'none', 'none', 'none', 'none', 0, 'Control', 7),
(82, 3, 'chronic', 'Ce', 'CeO2', 'Sphere', 'Citrate', 4, 'CeO2_Sphere_Citrate_4', 7),
(83, 3, 'Chronic', 'Ce', 'CeO2', 'Sphere', 'Bare', 30, 'CeO2_Sphere_Bare_30', 14),
(84, 3, 'Chronic', 'none', 'none', 'none', 'none', 0, 'Control', 14),
(85, 3, 'chronic', 'Ce', 'CeO2', 'Sphere', 'Citrate', 4, 'CeO2_Sphere_Citrate_4', 14),
(86, 3, 'Chronic', 'Ce', 'CeO2', 'Sphere', 'Bare', 30, 'CeO2_Sphere_Bare_30', 21),
(87, 3, 'Chronic', 'none', 'none', 'none', 'none', 0, 'Control', 21),
(88, 3, 'chronic', 'Ce', 'CeO2', 'Sphere', 'Citrate', 4, 'CeO2_Sphere_Citrate_4', 21),
(89, 3, 'Chronic', 'Ce', 'CeO2', 'Sphere', 'Bare', 30, 'CeO2_Sphere_Bare_30', 28),
(90, 3, 'Chronic', 'none', 'none', 'none', 'none', 0, 'Control', 28),
(91, 3, 'chronic', 'Ce', 'CeO2', 'Sphere', 'Citrate', 4, 'CeO2_Sphere_Citrate_4', 28);

-- --------------------------------------------------------

--
-- Structure de la table `users`
--

CREATE TABLE `users` (
  `id` int(150) NOT NULL,
  `username` varchar(200) NOT NULL,
  `password` varchar(200) NOT NULL
) ENGINE=InnoDB DEFAULT CHARSET=utf8;

--
-- Contenu de la table `users`
--

INSERT INTO `users` (`id`, `username`, `password`) VALUES
(1, 'melanie', 'auffan'),
(2, 'jerome', 'rose'),
(3, 'ali', 'ayadi'),
(4, 'danielle', 'slomberg'),
(6, 'armand', 'masion'),
(7, 'Mark', 'Wiesner'),
(8, 'Christine', 'Hendren'),
(9, 'Camille', 'Garidel'),
(10, 'Mohammad', 'Nassar'),
(11, 'Bernard  ', 'Angeletti'),
(12, 'Jean-paul ', 'Ambrosi'),
(13, 'Isabelle ', 'Basile'),
(14, 'Sébastien ', 'Benizri'),
(15, 'Jean-yves ', 'Bottero'),
(16, 'Andrea  ', 'Carboni'),
(17, 'Perrine  ', 'Chaurand'),
(18, 'Daniel ', 'Borschneck'),
(19, 'Blanche ', 'Collin'),
(20, 'Adrien  ', 'Duvivier');

--
-- Index pour les tables exportées
--

--
-- Index pour la table `affiliation`
--
ALTER TABLE `affiliation`
  ADD PRIMARY KEY (`Affiliation_ID`),
  ADD UNIQUE KEY `Affiliation_ID` (`Affiliation_ID`);

--
-- Index pour la table `author`
--
ALTER TABLE `author`
  ADD PRIMARY KEY (`Author_ID`),
  ADD UNIQUE KEY `Author_ID` (`Author_ID`);

--
-- Index pour la table `experiment`
--
ALTER TABLE `experiment`
  ADD PRIMARY KEY (`IDE`),
  ADD UNIQUE KEY `IDE` (`IDE`);

--
-- Index pour la table `measure`
--
ALTER TABLE `measure`
  ADD PRIMARY KEY (`IDM`),
  ADD UNIQUE KEY `IDM` (`IDM`),
  ADD KEY `IDS` (`IDS`);

--
-- Index pour la table `publication`
--
ALTER TABLE `publication`
  ADD PRIMARY KEY (`DOI`),
  ADD UNIQUE KEY `DOI` (`DOI`);

--
-- Index pour la table `sampling`
--
ALTER TABLE `sampling`
  ADD PRIMARY KEY (`IDS`),
  ADD UNIQUE KEY `IDS` (`IDS`),
  ADD KEY `cle_etrangere_sampling_vers_experimnt` (`IDE`);

--
-- Index pour la table `users`
--
ALTER TABLE `users`
  ADD PRIMARY KEY (`id`),
  ADD UNIQUE KEY `id` (`id`);

--
-- AUTO_INCREMENT pour les tables exportées
--

--
-- AUTO_INCREMENT pour la table `author`
--
ALTER TABLE `author`
  MODIFY `Author_ID` int(255) NOT NULL AUTO_INCREMENT, AUTO_INCREMENT=7;
--
-- AUTO_INCREMENT pour la table `experiment`
--
ALTER TABLE `experiment`
  MODIFY `IDE` int(200) NOT NULL AUTO_INCREMENT, AUTO_INCREMENT=5;
--
-- AUTO_INCREMENT pour la table `measure`
--
ALTER TABLE `measure`
  MODIFY `IDM` int(255) NOT NULL AUTO_INCREMENT, AUTO_INCREMENT=207;
--
-- AUTO_INCREMENT pour la table `sampling`
--
ALTER TABLE `sampling`
  MODIFY `IDS` int(255) NOT NULL AUTO_INCREMENT, AUTO_INCREMENT=92;
--
-- AUTO_INCREMENT pour la table `users`
--
ALTER TABLE `users`
  MODIFY `id` int(150) NOT NULL AUTO_INCREMENT, AUTO_INCREMENT=21;
--
-- Contraintes pour les tables exportées
--

--
-- Contraintes pour la table `measure`
--
ALTER TABLE `measure`
  ADD CONSTRAINT `measure_ibfk_1` FOREIGN KEY (`IDS`) REFERENCES `sampling` (`IDS`);

--
-- Contraintes pour la table `sampling`
--
ALTER TABLE `sampling`
  ADD CONSTRAINT `cle_etrangere_sampling_vers_experimnt` FOREIGN KEY (`IDE`) REFERENCES `experiment` (`IDE`);

/*!40101 SET CHARACTER_SET_CLIENT=@OLD_CHARACTER_SET_CLIENT */;
/*!40101 SET CHARACTER_SET_RESULTS=@OLD_CHARACTER_SET_RESULTS */;
/*!40101 SET COLLATION_CONNECTION=@OLD_COLLATION_CONNECTION */;
